{
  "type": "minecraft:crafting_shaped",
  "group": "harnass",
  "category": "equipment",
  "pattern": [
    "LLL",
    "GWG"
  ],
  "key": {
    "L": "#minecraft:repairs_leather_armor",
    "G": "minecraft:glass",
    "W": "minecraft:lime_wool"
  },
  "result": {
    "id": "minecraft:music_disc_11",
    "components": {
      "!minecraft:jukebox_playable": {},
      "minecraft:rarity": "common",
      "minecraft:item_model": "happy_ghasts:harness",
      "minecraft:item_name": "[{\"translate\":\"colour.happy_ghasts.lime\",\"fallback\":\"Lime\"},{\"text\":\" \"},{\"translate\":\"item.happy_ghasts.harness\",\"fallback\":\"Harness\"}]",
      "minecraft:max_stack_size": 1,
      "minecraft:max_damage": 256,
      "minecraft:custom_data": {
        "ghast_harness": {
          "colour": "lime"
        }
      },
      "minecraft:custom_model_data": {
        "strings": [
          "lime"
        ]
      }
    }
  }
}