{
  "type": "minecraft:crafting_shaped",
  "pools": [
    {
      "rolls": 1,
      "entries": [
        {
          "type": "minecraft:item",
          "name": "minecraft:structure_void",
          "functions": [
            {
              "function": "minecraft:set_components",
              "components": {
                "minecraft:item_model": "happy_ghasts:block/dried_ghast",
                "minecraft:item_name": "{\"translate\":\"block.happy_ghasts.dried_ghast\",\"fallback\":\"Dried Ghast\"}",
                "minecraft:rarity": "uncommon",
                "minecraft:max_stack_size": 1
              }
            }
          ]
        }
      ]
    }
  ]
}