{
  "criteria": {
    "feed_ghastling": {
      "trigger": "minecraft:player_interacted_with_entity",
      "conditions": {
        "item": {
          "items": "#happy_ghasts:ghastling_food"
        },
        "entity": {
          "type": "minecraft:interaction",
          "nbt": "{Tags:[\"hg_ghastling\",\"hg_hitbox\"]}"
        }
      }
    }
  },
  "requirements": [
    [
      "feed_ghastling"
    ]
  ],
  "rewards": {
    "function": "happy_ghasts:entity/feed/ghastling"
  }
}