{
  "criteria": {
    "harness_happy_ghast": {
      "trigger": "minecraft:player_interacted_with_entity",
      "conditions": {
        "item": {
          "predicates": {
            "minecraft:custom_data": {
              "ghast_harness": {}
            }
          }
        },
        "entity": [
          {
            "condition": "minecraft:entity_properties",
            "entity": "this",
            "predicate": {
              "type": "minecraft:interaction",
              "nbt": "{Tags:[\"hg_happy_ghast\",\"hg_hitbox\"]}"
            }
          },
          {
            "condition": "minecraft:inverted",
            "term": {
              "condition": "minecraft:entity_properties",
              "entity": "this",
              "predicate": {
                "nbt": "{Tags:[\"hg_harnessed\"]}"
              }
            }
          }
        ]
      }
    }
  },
  "requirements": [
    [
      "harness_happy_ghast"
    ]
  ],
  "rewards": {
    "function": "happy_ghasts:entity/harness/happy_ghast"
  }
}