{
  "criteria": {
    "ride_happy_ghast": {
      "trigger": "minecraft:player_interacted_with_entity",
      "conditions": {
        "entity": [
          {
            "condition": "minecraft:entity_properties",
            "entity": "this",
            "predicate": {
              "type": "minecraft:interaction",
              "nbt": "{Tags:[\"hg_happy_ghast\",\"hg_hitbox\",\"hg_harnessed\"]}"
            }
          }
        ]
      }
    }
  },
  "requirements": [
    [
      "ride_happy_ghast"
    ]
  ],
  "rewards": {
    "function": "happy_ghasts:entity/harness/ride_happy_ghast"
  }
}