{
  "criteria": {
    "riding_ghast": {
      "trigger": "minecraft:tick",
      "conditions": {
        "player": {
          "vehicle": {
            "type": "minecraft:interaction",
            "nbt": "{Tags:[\"hg_harness_driver\"]}"
          }
        }
      }
    },
    "right_keybind": {
      "trigger": "minecraft:tick",
      "conditions": {
        "player": {
          "type": "minecraft:player",
          "type_specific": {
            "type": "minecraft:player",
            "input": {
              "right": true
            }
          }
        }
      }
    }
  },
  "requirements": [
    [
      "riding_ghast"
    ],
    [
      "right_keybind"
    ]
  ],
  "rewards": {
    "function": "happy_ghasts:entity/harness/right_happy_ghast"
  }
}