{
  "type": "minecraft:crafting_shaped",
  "group": "harnass",
  "category": "equipment",
  "pattern": [
    "TBT",
    "BBB",
    "TBT"
  ],
  "key": {
    "T": "ghast_tear",
    "B": "minecraft:bone_block"
  },
  "result": {
    "id": "minecraft:structure_void",
    "components": {
      "minecraft:item_model": "happy_ghasts:block/dried_ghast",
      "minecraft:item_name": "{\"translate\":\"block.happy_ghasts.dried_ghast\",\"fallback\":\"Dried Ghast\"}",
      "minecraft:rarity": "uncommon",
      "minecraft:max_stack_size": 1
    }
  }
}