{
  "criteria": {
    "placed_barrier": {
      "trigger": "minecraft:placed_block",
      "conditions": {
        "location": [
          {
            "condition": "minecraft:location_check",
            "predicate": {
              "block": {
                "blocks": "minecraft:structure_void"
              }
            }
          }
        ]
      }
    }
  },
  "requirements": [
    [
      "placed_barrier"
    ]
  ],
  "rewards": {
    "function": "happy_ghasts:block/dried_ghast"
  }
}